game,date,Tm,W/L,R,RA,Inn,W-L,Rank,GB,Win,Loss,Save,Time,D/N,Attendance,cLI,Streak,opp,sp h,sp a,result and moneyline,ou
162,Sunday Oct 3,SDP,L,4,11,,79-83,3,28,Webb,Knehr,,2:56,D,36901,0,-,†@ SF,Reiss Knehr†(R),Logan Webb†(R),L†198,O†8.5
161,Saturday Oct 2,SDP,W,3,2,10,79-82,3,27,Hill,Castro,Melancon,3:41,D,40760,0,+,†@ SF,Joe Musgrove†(R),Kevin Gausman†(R),W†133,U†7.5
160,Friday Oct 1,SDP,L,0,3,,78-82,3,28,DeSclafani,Avila,Doval,2:50,N,33975,0,-------,†@ SF,Pedro Avila†(R),Anthony DeSclafani†(R),L†175,U†9
159,Thursday Sep 30,SDP,L,3,8,,78-81,3,27,Knebel,Velasquez,,2:55,N,52550,0,------,†@ LAD,Vince Velasquez†(R),Tony Gonsolin†(R),L†206,O†9
158,Wednesday Sep 29,SDP,L,9,11,,78-80,3,26,Price,Pagan,Jansen,3:34,N,45366,0,-----,†@ LAD,Ryan Weathers†(L),Max Scherzer†(R),L†261,O†8
157,Tuesday Sep 28,SDP,L,1,2,,78-79,3,25,Buehler,Darvish,Treinen,3:04,N,52128,0,----,†@ LAD,Yu Darvish†(R),Walker Buehler†(R),L†171,U†7.5
156,Sunday Sep 26,SDP,L,3,4,,78-78,3,24,Minter,Johnson,Smith,3:48,D,41294,0,---,†ATL,Joe Musgrove†(R),Jesse Chavez†(R),L†-123,U†8
155,Saturday Sep 25,SDP,L,8,10,10,78-77,3,23,Rodriguez,Hudson,Smith,4:07,D,39026,0,--,†ATL,Vince Velasquez†(R),Huascar Ynoa†(R),L†105,O†9
154,Friday Sep 24,SDP,L,0,4,,78-76,3,22,Fried,Knehr,,2:28,N,33265,0.02,-,†ATL,Reiss Knehr†(R),Max Fried†(L),L†116,U†8.5
153,Thursday Sep 23,SDP,W-wo,7,6,10,78-75,3,21,Detwiler,Leone,,4:10,D,31049,0.03,+,†SF,Yu Darvish†(R),Logan Webb†(R),W†103,O†7.5
152,Wednesday Sep 22,SDP,L,6,8,,77-75,3,22,Doval,Velasquez,,3:56,N,38189,0.13,-----,†SF,Vince Velasquez†(R),Scott Kazmir†(L),L†-111,O†9.5
151,Tuesday Sep 21,SDP,L,5,6,,77-74,3,21,Watson,Melancon,Rogers,3:45,N,36439,0.33,----,†SF,Joe Musgrove†(R),Kevin Gausman†(R),L†-110,O†7.5
150,Sunday Sep 19,SDP,L,7,8,,77-73,3,20,Reyes,Arrieta,Gallegos,3:16,D,35326,1.24,---,†@ STL,Jake Arrieta†(R),J.A. Happ†(L),L†-101,O†9
149,Saturday Sep 18,SDP,L,2,3,,77-72,3,20,Miller,Pagan,Gallegos,2:59,N,40626,1.52,--,†@ STL,Yu Darvish†(R),Adam Wainwright†(R),L†109,U†7.5
148,Friday Sep 17,SDP,L,2,8,,77-71,3,19,Mikolas,Velasquez,,3:13,N,30937,1.84,-,†@ STL,Vince Velasquez†(R),Miles Mikolas†(R),L†107,O†9
147,Thursday Sep 16,SDP,W,7,4,,77-70,3,18,Crismatt,Gausman,,3:39,D,23379,1.09,++,†@ SF,Pierce Johnson†(R),Kevin Gausman†(R),W†159,O†8
146,Wednesday Sep 15,SDP,W,9,6,,76-70,3,19,Musgrove,Leone,,4:06,N,21212,0.96,+,†@ SF,Joe Musgrove†(R),Dominic Leone†(R),W†-106,O†8
145,Tuesday Sep 14,SDP,L,1,6,,75-70,3,20,DeSclafani,Arrieta,,3:17,N,23192,1.06,-----,†@ SF,Jake Arrieta†(R),Anthony DeSclafani†(R),L†175,U†9
144,Monday Sep 13,SDP,L,1,9,,75-69,3,19,Littell,Darvish,,2:51,N,21078,1.16,----,†@ SF,Yu Darvish†(R),Dominic Leone†(R),L†-106,O†8
143,Sunday Sep 12,SDP,L,0,8,,75-68,3,18,Scherzer,Lamet,,2:45,D,42637,1.22,---,†@ LAD,Blake Snell†(L),Max Scherzer†(R),L†145,O†7.5
142,Saturday Sep 11,SDP,L,4,5,,75-67,3,17,Buehler,Paddack,Jansen,3:02,N,46969,1.19,--,†@ LAD,Chris Paddack†(R),Walker Buehler†(R),L†194,O†8
141,Friday Sep 10,SDP,L,0,3,,75-66,3,16,Urias,Musgrove,Jansen,2:53,N,48403,1.23,-,†@ LAD,Joe Musgrove†(R),Julio Urias†(L),L†139,U†8
140,Wednesday Sep 8,SDP,W,8,5,,75-65,3,15,Darvish,Mayers,Melancon,3:31,N,34537,1.13,+,†LAA,Yu Darvish†(R),Mike Mayers†(R),W†-277,O†8
139,Tuesday Sep 7,SDP,L,0,4,,74-65,3,15,Herget,Snell,,2:53,N,34405,1.15,-,†LAA,Blake Snell†(L),Packy Naughton†(L),L†-303,U†7.5
138,Sunday Sep 5,SDP,W-wo,4,3,,74-64,3,13.5,Melancon,Stanek,,2:58,D,35007,1.08,++,†HOU,Chris Paddack†(R),Luis Garcia†(R),W†-104,U†8.5
137,Saturday Sep 4,SDP,W,10,2,,73-64,3,13.5,Musgrove,Valdez,,3:21,N,35338,0.95,+,†HOU,Joe Musgrove†(R),Framber Valdez†(L),W†-111,O†7.5
136,Friday Sep 3,SDP,L,3,6,,72-64,3,14.5,Taylor,Pagan,Pressly,3:37,N,37033,0.98,--,†HOU,Jake Arrieta†(R),Jose Urquidy†(R),L†110,P†9
135,Wednesday Sep 1,SDP,L,3,8,,72-63,3,13.5,Weaver,Darvish,,3:16,D,5945,1.01,-,†@ ARI,Yu Darvish†(R),Luke Weaver†(R),L†-213,O†9
134,Tuesday Aug 31,SDP,W,3,0,,72-62,3,13,Snell,Gallen,Melancon,3:05,N,10818,0.98,++,†@ ARI,Blake Snell†(L),Zac Gallen†(R),W†-167,U†8
133,Monday Aug 30,SDP,W,7,5,,71-62,3,14,Stammen,Gilbert,Melancon,3:35,N,8482,0.84,+,†@ ARI,Chris Paddack†(R),Tyler Gilbert†(L),W†-175,O†9.5
132,Saturday Aug 28,SDP,L,2,10,,70-62,3,15.5,Wantz,Weathers,,3:35,N,36176,0.75,-,†@ LAA,Ryan Weathers†(L),Jose Suarez†(L),L†-126,O†10
131,Friday Aug 27,SDP,W,5,0,,70-61,3,14.5,Musgrove,Criswell,,2:42,N,25376,0.76,+,†@ LAA,Joe Musgrove†(R),Cooper Criswell†(R),W†-192,U†9
130,Thursday Aug 26,SDP,L,0,4,,69-61,3,15.5,Scherzer,Darvish,,3:01,N,43383,0.84,----,†LAD,Yu Darvish†(R),Max Scherzer†(R),L†127,U†7.5
129,Wednesday Aug 25,SDP,L,3,5,16,69-60,3,14.5,Knebel,Camarena,Greene,5:49,N,41765,0.9,---,†LAD,Blake Snell†(L),Walker Buehler†(R),L†127,P†8
128,Tuesday Aug 24,SDP,L,2,5,,69-59,3,13.5,Urias,Johnson,Jansen,3:23,N,41676,0.91,--,†LAD,Pierce Johnson†(R),Julio Urias†(L),L†123,U†8.5
127,Sunday Aug 22,SDP,L,4,7,,69-58,3,12.5,Gibson,Weathers,,3:20,D,38548,1.01,-,†PHI,Craig Stammen†(R),Kyle Gibson†(R),L†-161,O†9
126,Saturday Aug 21,SDP,W-wo,4,3,10,69-57,3,11.5,Melancon,Brogdon,,3:43,N,43383,0.99,+,†PHI,Joe Musgrove†(R),Aaron Nola†(R),W†-155,U†8
125,Friday Aug 20,SDP,L,3,4,,68-57,3,11.5,Neris,Snell,Kennedy,3:38,N,40927,1.03,----,†PHI,Blake Snell†(L),Matt Moore†(L),L†-211,U†9
124,Wednesday Aug 18,SDP,L,5,7,,68-56,3,11.5,Bowden,Arrieta,Bard,3:10,D,20692,0.99,---,†@ COL,Jake Arrieta†(R),Chi Chi Gonzalez†(R),L†-148,U†14
123,Tuesday Aug 17,SDP,L,3,7,,68-55,3,11.5,Marquez,Strahm,,2:57,N,28139,1.04,--,†@ COL,Matt Strahm†(L),German Marquez†(R),L†-107,U†12.5
122,Monday Aug 16,SDP,L-wo,5,6,,68-54,3,10.5,Bard,Hudson,,2:32,N,24565,1.01,-,†@ COL,Ryan Weathers†(L),Antonio Senzatela†(R),L†-128,U†13
121,Sunday Aug 15,SDP,W,8,2,,68-53,3,9.5,Knehr,Gallen,,3:19,D,17722,1.04,+,†@ ARI,Craig Stammen†(R),Zac Gallen†(R),W†-166,O†9
120,Saturday Aug 14,SDP,L,0,7,,67-53,3,9.5,Gilbert,Musgrove,,2:31,N,16716,1.02,----,†@ ARI,Joe Musgrove†(R),Tyler Gilbert†(L),L†-225,U†9
119,Friday Aug 13,SDP,L-wo,2,3,,67-52,3,9.5,Clippard,Stammen,,3:06,N,12866,0.99,---,†@ ARI,Blake Snell†(L),Madison Bumgarner†(L),L†-177,U†8.5
118,Thursday Aug 12,SDP,L,3,12,,67-51,3,8.5,Smith,Darvish,,3:42,N,9086,0.96,--,†@ ARI,Yu Darvish†(R),Matt Peacock†(R),L†-247,O†9
117,Wednesday Aug 11,SDP,L,0,7,,67-50,3,7.5,Alcantara,Weathers,,3:07,D,29753,1,-,†MIA,Ryan Weathers†(L),Sandy Alcantara†(R),L†-157,U†8
116,Tuesday Aug 10,SDP,W,6,5,,67-49,3,6.5,Johnson,Bleier,Melancon,3:24,N,32060,1.06,++++,†MIA,Craig Stammen†(R),Braxton Garrett†(L),W†-253,O†7.5
115,Monday Aug 9,SDP,W,8,3,,66-49,3,6.5,Musgrove,Thompson,,3:06,N,26841,1.08,+++,†MIA,Joe Musgrove†(R),Zach Thompson†(R),W†-253,O†7.5
114,Sunday Aug 8,SDP,W,2,0,,65-49,3,7,Snell,Bumgarner,Melancon,2:43,D,30989,1.09,++,†ARI,Blake Snell†(L),Madison Bumgarner†(L),W†-215,U†8.5
113,Saturday Aug 7,SDP,W,6,2,,64-49,3,7,Pomeranz,de Geus,,3:18,N,39134,1.1,+,†ARI,Yu Darvish†(R),Taylor Widener†(R),W†-312,U†8.5
112,Friday Aug 6,SDP,L,5,8,,63-49,3,7,Peacock,Weathers,Poppen,3:09,N,34038,1.04,--,†ARI,Ryan Weathers†(L),Caleb Smith†(L),L†-218,O†9
111,Wednesday Aug 4,SDP,L-wo,4,5,10,63-48,3,6.5,Trivino,Hill,,3:23,D,10648,1.08,-,†@ OAK,Joe Musgrove†(R),Frankie Montas†(R),L†112,O†7.5
110,Tuesday Aug 3,SDP,W,8,1,,63-47,3,5.5,Snell,Manaea,,3:20,N,11985,1.08,++,†@ OAK,Blake Snell†(L),Sean Manaea†(L),W†145,O†8
109,Sunday Aug 1,SDP,W,8,1,,62-47,3,6,Stammen,Gomber,,3:02,D,36247,1.13,+,†COL,Reiss Knehr†(R),Austin Gomber†(L),W†-153,O†8.5
108,Saturday Jul 31,SDP,L,3,5,,61-47,3,6,Marquez,Darvish,Bard,3:13,N,44144,1.21,--,†COL,Yu Darvish†(R),German Marquez†(R),L†-190,O†7
107,Friday Jul 30,SDP,L,4,9,,61-46,3,5,Gray,Weathers,,3:17,N,38686,1.12,-,†COL,Ryan Weathers†(L),Jon Gray†(R),L†-202,O†8
106,Thursday Jul 29,SDP,W,3,0,,61-45,3,5,Musgrove,Freeland,Melancon,2:53,N,31884,1.13,+,†COL,Joe Musgrove†(R),Kyle Freeland†(L),W†-285,U†8
105,Wednesday Jul 28,SDP,L,4,10,,60-45,3,5,Manaea,Snell,,3:28,D,35351,1.15,-,†OAK,Blake Snell†(L),Sean Manaea†(L),L†-128,O†8
104,Tuesday Jul 27,SDP,W,7,4,,60-44,3,5,Paddack,Kaprielian,Melancon,3:08,N,40162,1.12,+,†OAK,Chris Paddack†(R),James Kaprielian†(R),W†-151,O†8.5
103,Sunday Jul 25,SDP,L,3,9,,59-44,3,5,Bender,Darvish,,3:04,D,12765,1.14,--,†@ MIA,Yu Darvish†(R),John Curtiss†(R),L†-213,O†7.5
102,Saturday Jul 24,SDP,L,2,3,,59-43,3,4,Garrett,Hill,Garcia,2:58,N,13207,1.13,-,†@ MIA,Ryan Weathers†(L),Braxton Garrett†(L),L†-155,U†9
101,Friday Jul 23,SDP,W,5,2,,59-42,3,4,Musgrove,Thompson,Melancon,3:25,N,9264,1.1,++++,†@ MIA,Joe Musgrove†(R),Zach Thompson†(R),W†-140,U†7.5
100,Thursday Jul 22,SDP,W,3,2,,58-42,3,5,Snell,Holloway,Melancon,3:58,N,10977,1.12,+++,†@ MIA,Blake Snell†(L),Anthony Bender†(R),W†-152,U†8.5
99,Wednesday Jul 21 (2),SDP,W,6,5,7,57-42,3,5,Hudson,Smith,Melancon,3:17,N,28621,1.15,++,†@ ATL,Reiss Knehr†(R),Bryse Wilson†(R),W†110,O†8
98,Wednesday Jul 21 (1),SDP,W,3,2,7,56-42,3,5,Paddack,Muller,Melancon,2:36,D,,1.17,+,†@ ATL,Chris Paddack†(R),Kyle Muller†(L),W†-116,U†7.5
97,Tuesday Jul 20,SDP,L,1,2,,55-42,3,5.5,Toussaint,Darvish,Smith,2:50,N,36621,1.15,--,†@ ATL,Yu Darvish†(R),Touki Toussaint†(R),L†-169,U†9
96,Sunday Jul 18,SDP,L-wo,7,8,,55-41,3,5,Hand,Melancon,,3:40,D,27221,1.09,-,†@ WAS,Joe Musgrove†(R),Max Scherzer†(R),L†-104,O†8
95,Saturday Jul 17,SDP,W,10,4,,55-40,3,5,Stammen,Corbin,,3:37,D,33232,1.09,++,†@ WAS,Blake Snell†(L),Patrick Corbin†(L),W†-131,O†9.5
94,Friday Jul 16,SDP,W,24,8,,54-40,3,6,Paddack,Fedde,,4:15,N,29203,1.14,+,†@ WAS,Chris Paddack†(R),Erick Fedde†(R),W†-148,O†9.5
93,Sunday Jul 11,SDP,L,1,3,,53-40,3,6,Gray,Stammen,Bard,3:13,D,38235,1.14,--,†COL,Ryan Weathers†(L),Jon Gray†(R),L†-186,U†8.5
92,Saturday Jul 10,SDP,L,0,3,,53-39,3,5,Marquez,Musgrove,Bard,3:06,N,42351,1.18,-,†COL,Joe Musgrove†(R),German Marquez†(R),L†-203,U†7.5
91,Friday Jul 9,SDP,W,4,2,,53-38,3,4,Diaz,Freeland,Melancon,3:00,N,34953,1.18,++,†COL,Reiss Knehr†(R),Kyle Freeland†(L),W†-190,U†9
90,Thursday Jul 8,SDP,W-wo,9,8,,52-38,3,4,Melancon,Clay,,3:40,N,29434,1.22,+,†WAS,Yu Darvish†(R),Max Scherzer†(R),W†-150,O†7
89,Wednesday Jul 7,SDP,L,5,15,,51-38,3,4.5,Corbin,Paddack,,3:32,N,26353,1.2,-,†WAS,Chris Paddack†(R),Patrick Corbin†(L),L†-171,O†8.5
88,Tuesday Jul 6,SDP,W,7,4,,51-37,3,3.5,Weathers,Fedde,Melancon,3:25,N,29977,1.18,+,†WAS,Ryan Weathers†(L),Erick Fedde†(R),W†-163,O†9
87,Monday Jul 5,SDP,L,5,7,,50-37,3,4.5,Suero,Hill,Hand,3:44,N,33168,1.13,-,†WAS,Joe Musgrove†(R),Jon Lester†(L),L†-248,O†8.5
86,Sunday Jul 4,SDP,W,11,1,,50-36,3,4.5,Adams,Velasquez,,3:45,D,25592,1.2,+,†@ PHI,Blake Snell†(L),Vince Velasquez†(R),W†-129,O†9
85,Saturday Jul 3,SDP,L,2,4,,49-36,3,4.5,Eflin,Darvish,Suarez,2:50,D,25053,1.23,---,†@ PHI,Yu Darvish†(R),Zach Eflin†(R),L†-152,U†8.5
84,Friday Jul 2,SDP,L-wo,3,4,10,49-35,3,3.5,Suarez,Adams,,3:09,N,22653,1.24,--,†@ PHI,Chris Paddack†(R),Zack Wheeler†(R),L†106,U†8.5
83,Thursday Jul 1,SDP,L-wo,4,5,,49-34,3,2.5,Warren,Melancon,,3:52,N,16620,1.27,-,†@ CIN,Ryan Weathers†(L),Luis Castillo†(R),L†118,U†9.5
82,Wednesday Jun 30,SDP,W,7,5,6,49-33,3,2.5,Musgrove,Guti√©rrez,Hill,2:03,N,12084,1.3,+++,†@ CIN,Joe Musgrove†(R),Vladimir Gutierrez†(R),W†-187,O†9.5
81,Tuesday Jun 29,SDP,W,5,4,,48-33,3,3,Pagan,Santillan,Melancon,3:50,N,16332,1.28,++,†@ CIN,Craig Stammen†(R),Tony Santillan†(R),W†-133,U†10.5
80,Sunday Jun 27,SDP,W,5,4,,47-33,3,4.5,Hill,Peacock,Melancon,3:27,D,34905,1.15,+,†ARI,Yu Darvish†(R),Zac Gallen†(R),W†-262,O†7.5
79,Saturday Jun 26,SDP,L,1,10,,46-33,3,5.5,Kelly,Lamet,,3:35,N,40557,1.18,-,†ARI,Dinelson Lamet†(R),Merrill Kelly†(R),L†-252,O†8
78,Friday Jun 25,SDP,W,11,5,,46-32,2,4.5,Ramirez,Martin,,3:31,N,32583,1.22,++++++++,†ARI,Chris Paddack†(R),Corbin Martin†(R),W†-324,O†8.5
77,Wednesday Jun 23,SDP,W,5,3,,45-32,3,4.5,Hill,Treinen,Melancon,3:30,N,43691,1.45,+++++++,†LAD,Joe Musgrove†(R),Trevor Bauer†(R),W†-112,O†7.5
76,Tuesday Jun 22,SDP,W,3,2,,44-32,3,4.5,Snell,Kershaw,Melancon,3:09,N,42667,1.42,++++++,†LAD,Blake Snell†(L),Clayton Kershaw†(L),W†116,U†7.5
75,Monday Jun 21,SDP,W,6,2,,43-32,3,4.5,Darvish,Urias,,3:38,N,42220,1.4,+++++,†LAD,Yu Darvish†(R),Julio Urias†(L),W†-136,O†7
74,Sunday Jun 20,SDP,W,3,2,,42-32,3,5,Lamet,Castillo,Melancon,3:00,D,38004,1.24,++++,†CIN,Dinelson Lamet†(R),Luis Castillo†(R),W†-121,U†7.5
73,Saturday Jun 19,SDP,W,7,5,,41-32,3,5,Crismatt,Hembree,Melancon,3:24,D,38765,1.23,+++,†CIN,Miguel Diaz†(R),Vladimir Gutierrez†(R),W†-151,O†9
72,Friday Jun 18,SDP,W,8,2,,40-32,3,6,Paddack,Santillan,,3:33,N,33456,1.21,++,†CIN,Chris Paddack†(R),Tony Santillan†(R),W†-190,O†8.5
71,Thursday Jun 17,SDP,W-wo,6,4,,39-32,3,6,Johnson,Garrett,,3:07,N,40362,1.15,+,†CIN,Joe Musgrove†(R),Wade Miley†(L),W†-177,O†7.5
70,Wednesday Jun 16,SDP,L-wo,7,8,,38-32,3,6,Estevez,Adams,,3:27,D,18798,1.1,---,†@ COL,Blake Snell†(L),Kyle Freeland†(L),L†-199,O†12.5
69,Tuesday Jun 15,SDP,L,4,8,,38-31,3,5,Estevez,Hill,,3:26,N,22871,1.16,--,†@ COL,Yu Darvish†(R),Chi Chi Gonzalez†(R),L†-232,O†11.5
68,Monday Jun 14,SDP,L,2,3,,38-30,3,4,Gomber,Lamet,Bard,2:37,N,23027,1.23,-,†@ COL,Dinelson Lamet†(R),Austin Gomber†(L),L†-148,U†11.5
67,Sunday Jun 13,SDP,W,7,3,,38-29,3,3,Paddack,Familia,,3:24,D,19581,1.24,+,†@ NYM,Chris Paddack†(R),Joey Lucchesi†(L),W†-124,O†8
66,Saturday Jun 12,SDP,L,1,4,,37-29,3,4,Stroman,Musgrove,Diaz,2:43,D,25463,1.27,----,†@ NYM,Joe Musgrove†(R),Marcus Stroman†(R),L†-134,U†7
65,Friday Jun 11,SDP,L,2,3,,37-28,3,3.5,deGrom,Snell,Diaz,3:00,N,26637,1.3,---,†@ NYM,Blake Snell†(L),Jacob deGrom†(R),L†152,U†6
64,Wednesday Jun 9,SDP,L,1,3,,37-27,3,2.5,Brothers,Darvish,Kimbrel,2:58,D,16482,1.39,--,†CHC,Yu Darvish†(R),Jake Arrieta†(R),L†-261,U†8
63,Tuesday Jun 8,SDP,L,1,7,,37-26,2,2.5,Davies,Lamet,,2:51,N,16207,1.33,-,†CHC,Dinelson Lamet†(R),Zach Davies†(R),L†-186,U†8.5
62,Monday Jun 7,SDP,W,9,4,,37-25,2,1.5,Weathers,Alzolay,,3:42,N,16045,1.36,+,†CHC,Ryan Weathers†(L),Adbert Alzolay†(R),W†-113,O†8
61,Sunday Jun 6,SDP,L,2,6,,36-25,2,2,Stroman,Paddack,,3:17,D,16120,1.3,--,†NYM,Chris Paddack†(R),Marcus Stroman†(R),L†-144,O†7
60,Saturday Jun 5,SDP,L,0,4,,36-24,2,2,deGrom,Musgrove,,3:25,N,16644,1.3,-,†NYM,Joe Musgrove†(R),Jacob deGrom†(R),L†109,U†5.5
59,Friday Jun 4,SDP,W,2,0,,36-23,2,1,Snell,Lucchesi,Melancon,3:07,N,16268,1.28,++,†NYM,Blake Snell†(L),Joey Lucchesi†(L),W†-166,U†7
58,Thursday Jun 3,SDP,W,4,3,,35-23,2,1,Darvish,Walker,Melancon,3:35,N,15250,1.28,+,†NYM,Yu Darvish†(R),Taijuan Walker†(R),W†-189,O†6.5
57,Wednesday Jun 2,SDP,L,1,6,,34-23,2,1,Alzolay,Johnson,,3:16,D,22056,1.35,----,†@ CHC,Dinelson Lamet†(R),Adbert Alzolay†(R),L†107,P†7
56,Tuesday Jun 1,SDP,L,3,4,,34-22,2,0.5,Hendricks,Weathers,Kimbrel,2:52,N,24824,1.31,---,†@ CHC,Ryan Weathers†(L),Kyle Hendricks†(R),L†111,U†8.5
55,Monday May 31,SDP,L,2,7,,34-21,2,0.5,Stewart,Paddack,,2:53,D,24824,1.26,--,†@ CHC,Chris Paddack†(R),Kohl Stewart†(R),L†-136,U†10
54,Sunday May 30,SDP,L,4,7,,34-20,1,up 0.5,Greinke,Snell,,2:47,D,29019,1.21,-,†@ HOU,Blake Snell†(L),Zack Greinke†(R),L†107,O†8.5
53,Saturday May 29,SDP,W,11,8,12,34-19,1,up 1.5,Adams,Garza,Diaz,5:08,D,31323,1.24,++,†@ HOU,Yu Darvish†(R),Jake Odorizzi†(R),W†-150,O†8
52,Friday May 28,SDP,W,10,3,11,33-19,1,up 1.5,Melancon,Raley,,4:43,N,32045,1.28,+,†@ HOU,Dinelson Lamet†(R),Framber Valdez†(L),W†102,O†8.5
51,Thursday May 27,SDP,L-wo,5,6,10,32-19,1,up 0.5,Suter,Diaz,,3:51,D,13572,1.25,-,†@ MIL,Ryan Weathers†(L),Adrian Houser†(R),L†-110,O†8
50,Wednesday May 26,SDP,W,2,1,10,32-18,1,up 1.5,Adams,Suter,Melancon,3:04,N,13478,1.22,++,†@ MIL,Chris Paddack†(R),Eric Lauer†(L),W†-117,U†8
49,Tuesday May 25,SDP,W,7,1,,31-18,1,up 0.5,Hill,Burnes,,3:06,N,13566,1.29,+,†@ MIL,Joe Musgrove†(R),Corbin Burnes†(R),W†115,O†7
48,Monday May 24,SDP,L,3,5,,30-18,1,up 0.5,Woodruff,Snell,Hader,3:12,N,14524,1.29,-,†@ MIL,Blake Snell†(L),Brandon Woodruff†(R),L†105,O†7
47,Sunday May 23,SDP,W,9,2,,30-17,1,up 1.0,Darvish,Misiewicz,,2:55,D,15250,1.24,+++++++++,†SEA,Yu Darvish†(R),Justin Dunn†(R),W†-285,O†7
46,Saturday May 22,SDP,W,6,4,,29-17,1,up 1.0,Stammen,Sheffield,Melancon,3:06,N,15250,1.23,++++++++,†SEA,Ryan Weathers†(L),Justus Sheffield†(L),W†-193,O†7.5
45,Friday May 21,SDP,W,16,1,,28-17,1,Tied,Paddack,Flexen,,3:34,N,15250,1.24,+++++++,†SEA,Chris Paddack†(R),Chris Flexen†(R),W†-215,O†7.5
44,Wednesday May 19,SDP,W,3,0,,27-17,2,0.5,Musgrove,Gonzalez,Melancon,2:52,D,15250,1.32,++++++,†COL,Joe Musgrove†(R),Chi Chi Gonzalez†(R),W†-286,U†8
43,Tuesday May 18,SDP,W-wo,2,1,10,26-17,2,0.5,Johnson,Bard,,3:40,N,15250,1.26,+++++,†COL,Blake Snell†(L),Austin Gomber†(L),W†-220,U†7
42,Monday May 17,SDP,W,7,0,,25-17,2,0.5,Darvish,Gray,,2:55,N,15250,1.29,++++,†COL,Yu Darvish†(R),Jon Gray†(R),W†-221,O†6.5
41,Sunday May 16,SDP,W,5,3,,24-17,2,0.5,Lamet,Kim,Melancon,3:32,D,15250,1.34,+++,†STL,Ryan Weathers†(L),Kwang-hyun Kim†(L),W†-110,O†7.5
40,Saturday May 15,SDP,W,13,3,,23-17,2,0.5,Diaz,Wainwright,,3:31,N,15250,1.26,++,†STL,Chris Paddack†(R),Adam Wainwright†(R),W†-117,O†7
39,Friday May 14,SDP,W,5,4,,22-17,2,1.5,Musgrove,Oviedo,Melancon,4:08,N,15250,1.17,+,†STL,Joe Musgrove†(R),Johan Oviedo†(R),W†-175,O†7
38,Wednesday May 12 (2),SDP,L-wo,2,3,8,21-17,2,2,Almonte,Ramirez,,2:55,N,11968,1.23,-,†@ COL,Blake Snell†(L),Austin Gomber†(L),L†-155,U†8
37,Wednesday May 12 (1),SDP,W,5,3,7,21-16,2,2,Pagan,Gray,Melancon,3:09,D,,1.2,+++,†@ COL,Yu Darvish†(R),Jon Gray†(R),W†-148,O†7
36,Tuesday May 11,SDP,W,8,1,,20-16,2,2,Diaz,Senzatela,,3:04,N,8825,1.19,++,†@ COL,Dinelson Lamet†(R),Antonio Senzatela†(R),W†-169,U†9.5
35,Sunday May 9,SDP,W,11,1,,19-16,2,1.5,Weathers,Cueto,,3:08,D,10008,1.34,+,†@ SF,Chris Paddack†(R),Johnny Cueto†(R),W†-136,O†8
34,Saturday May 8,SDP,L,1,7,,18-16,2,2.5,Gausman,Musgrove,,3:02,D,9764,1.39,--,†@ SF,Joe Musgrove†(R),Kevin Gausman†(R),L†-133,O†7
33,Friday May 7,SDP,L,4,5,,18-15,2,1.5,Doval,Kela,McGee,3:34,N,9219,1.39,-,†@ SF,Blake Snell†(L),Anthony DeSclafani†(R),L†-141,O†7
32,Wednesday May 5,SDP,W,4,2,,18-14,2,0.5,Stammen,Underwood,Melancon,3:21,N,15250,1.06,+,†PIT,Yu Darvish†(R),JT Brubaker†(R),W†-210,U†6.5
31,Tuesday May 4,SDP,L,1,2,,17-14,2,1.5,Keller,Weathers,Rodriguez,2:59,N,15250,1.14,-,†PIT,Dinelson Lamet†(R),Mitch Keller†(R),L†-242,U†7.5
30,Monday May 3,SDP,W,2,0,,17-13,3,1,Hill,Anderson,Melancon,2:41,N,15250,1.12,+,†PIT,Miguel Diaz†(R),Tyler Anderson†(L),W†-184,U†8
29,Sunday May 2,SDP,L,1,7,,16-13,3,1.5,Gausman,Musgrove,,3:10,D,15250,1.35,-,†SF,Joe Musgrove†(R),Kevin Gausman†(R),L†-176,O†6.5
28,Saturday May 1,SDP,W,6,2,,16-12,2,0.5,Snell,DeSclafani,,2:56,N,15250,1.3,+++,†SF,Blake Snell†(L),Anthony DeSclafani†(R),W†-178,O†7
27,Friday Apr 30,SDP,W,3,2,,15-12,3,1.5,Darvish,Webb,Melancon,3:15,N,15250,1.19,++,†SF,Yu Darvish†(R),Logan Webb†(R),W†-194,U†7
26,Wednesday Apr 28,SDP,W,12,3,,14-12,3,2.5,Northcraft,Smith,,3:05,N,9495,1.08,+,†@ ARI,Ryan Weathers†(L),Riley Smith†(R),W†-149,O†9
25,Tuesday Apr 27,SDP,L,1,5,,13-12,3,2.5,Kelly,Paddack,,2:53,N,10486,1.1,-,†@ ARI,Chris Paddack†(R),Merrill Kelly†(R),L†-148,U†9
24,Sunday Apr 25,SDP,W,8,7,11,13-11,3,3,Hill,Cleavinger,Melancon,4:59,D,15316,1.15,+,†@ LAD,Joe Musgrove†(R),Dustin May†(R),W†113,O†7
23,Saturday Apr 24,SDP,L,4,5,,11-Dec,3,4,Bauer,Johnson,Jansen,3:53,N,15596,1.2,-,†@ LAD,Blake Snell†(L),Trevor Bauer†(R),L†127,O†7
22,Friday Apr 23,SDP,W,6,1,,10-Dec,3,3,Darvish,Kershaw,,2:52,N,15222,1.13,++,†@ LAD,Yu Darvish†(R),Clayton Kershaw†(L),W†128,O†6.5
21,Thursday Apr 22,SDP,W,3,2,,10-Nov,3,4,Crismatt,Treinen,Melancon,3:02,N,15167,1.08,+,†@ LAD,Ryan Weathers†(L),Walker Buehler†(R),W†147,U†7.5
20,Wednesday Apr 21,SDP,L,2,4,,10-Oct,3,5,Suter,Kela,Hader,3:40,D,15250,0.97,---,†MIL,Dinelson Lamet†(R),Adrian Houser†(R),L†-184,U†7.5
19,Tuesday Apr 20,SDP,L,0,6,,9-Oct,3,4.5,Burnes,Paddack,,2:50,N,15250,1.01,--,†MIL,Chris Paddack†(R),Corbin Burnes†(R),L†101,U†6.5
18,Monday Apr 19,SDP,L,1,3,,8-Oct,3,3.5,Woodruff,Musgrove,Hader,2:49,N,15250,1.02,-,†MIL,Joe Musgrove†(R),Brandon Woodruff†(R),L†-162,U†6.5
17,Sunday Apr 18,SDP,W,5,2,,7-Oct,2,3.5,Kela,Alexander,Melancon,3:12,D,15250,1.24,+,†LAD,Blake Snell†(L),Trevor Bauer†(R),W†117,U†7.5
16,Saturday Apr 17,SDP,L,0,2,,7-Sep,2,4.5,Kershaw,Darvish,Gonzalez,3:12,N,15250,1.27,--,†LAD,Yu Darvish†(R),Clayton Kershaw†(L),L†105,U†7
15,Friday Apr 16,SDP,L,6,11,12,6-Sep,2,3.5,Price,Hill,,4:57,N,15250,1.3,-,†LAD,Ryan Weathers†(L),Walker Buehler†(R),L†129,O†7.5
14,Thursday Apr 15,SDP,W,8,3,,5-Sep,2,2.5,Paddack,Keller,Stammen,3:15,D,4023,1.1,+,†@ PIT,Chris Paddack†(R),Mitch Keller†(R),W†-149,O†7.5
13,Wednesday Apr 14,SDP,L,1,5,,5-Aug,3,2.5,Anderson,Musgrove,,3:27,N,5228,1.05,--,†@ PIT,Joe Musgrove†(R),Tyler Anderson†(L),L†-193,U†7.5
12,Tuesday Apr 13,SDP,L,4,8,,4-Aug,2,1.5,Stratton,Crismatt,,4:07,N,4814,1.13,-,†@ PIT,Blake Snell†(L),Chad Kuhl†(R),L†-240,O†7.5
11,Monday Apr 12,SDP,W,6,2,,3-Aug,2,0.5,Darvish,Oviedo,,3:04,N,4068,1.08,++++,†@ PIT,Yu Darvish†(R),Trevor Cahill†(R),W†-203,O†7.5
10,Sunday Apr 11,SDP,W,2,0,,3-Jul,2,1,Stammen,Foltynewicz,Melancon,3:16,D,26723,1.03,+++,†@ TEX,Adrian Morejon†(L),Mike Foltynewicz†(R),W†-166,U†9
9,Saturday Apr 10,SDP,W,7,4,,3-Jun,2,1,Weathers,Benjamin,Melancon,3:15,N,35856,0.98,++,†@ TEX,Chris Paddack†(R),Jordan Lyles†(R),W†-153,O†9
8,Friday Apr 9,SDP,W,3,0,,3-May,2,1,Musgrove,Arihara,,2:46,N,27575,0.95,+,†@ TEX,Joe Musgrove†(R),Kohei Arihara†(R),W†-190,U†9
7,Wednesday Apr 7,SDP,L,2,3,10,3-Apr,2,1,McGee,Hill,Peralta,3:21,D,10350,1.12,-,†SF,Blake Snell†(L),Kevin Gausman†(R),L†-146,U†7
6,Tuesday Apr 6,SDP,W,3,1,,2-Apr,2,1,Kela,Wisler,Melancon,2:53,N,10350,1.12,+,†SF,Yu Darvish†(R),Aaron Sanchez†(R),W†-180,U†7.5
5,Monday Apr 5,SDP,L,2,3,,2-Mar,2,1,Baragar,Stammen,McGee,3:35,N,10350,1.17,--,†SF,Adrian Morejon†(L),Anthony DeSclafani†(R),L†-152,U†8
4,Sunday Apr 4,SDP,L,1,3,,1-Mar,1,Tied,Widener,Paddack,Devenski,3:19,D,10350,1.16,-,†ARI,Chris Paddack†(R),Taylor Widener†(R),L†-198,U†9
3,Saturday Apr 3,SDP,W,7,0,,Mar-00,1,up 1.0,Musgrove,Smith,Weathers,2:58,N,10350,1.15,+++,†ARI,Joe Musgrove†(R),Caleb Smith†(L),W†-203,U†8.5
2,Friday Apr 2,SDP,W,4,2,,Feb-00,1,up 1.0,Pagan,Kelly,Melancon,3:53,N,10350,1.13,++,†ARI,Blake Snell†(L),Merrill Kelly†(R),W†-210,U†7.5
1,Thursday Apr 1,SDP,W,8,7,,Jan-00,1,Tied,Pagan,Young,Melancon,3:26,D,10350,1.07,+,†ARI,Yu Darvish†(R),Madison Bumgarner†(L),W†-229,O†8.5
